sku,price,special_price,weight,ups,shipping_cost
"RCP6337BLU","39.0000","27.3000","0.9590","Y","3.9572",
"RCP3331CLE","23.0700","8.9000","1.1020","Y","2.9991",
"RCP2890BLA","175.7100","123.0000","3.4000","Y","17.7125",
"RCP315488BLA","30.4400","11.7396","1.0460","Y","3.9572",
"RCP3362GRA","28.2100","10.8864","1.0000","Y","3.6673",
"RCP421388BLA","156.7100","60.4692","4.6290","Y","20.3723",
"RCP452010Bla","1110.0800","420.3854","66.2600","Y","122.1088",
"RHP7085","97.2900","68.1000","37.0000","N","",
"RCP1025BLA","4696.3800","1778.5210","212.0000","N","516.6018",
"RCP1315BLU","2720.0000","1904.0000","0.0000","N","",
"RCP1315RED","2531.9600","958.8548","109.0000","N","278.5156",
"RCP4094GRA","1020.9600","386.6350","55.0000","Y","112.3056",
"RCPQ424GRE","450.0000","315.0000","2.4996","Y","",
"RCP6287YEL","574.2900","402.0000","27.5000","Y","",
"RCP6181L2","26.1400","18.3000","0.1480","Y","1.6562",
"RCP1855BLA","313.8200","118.8578","13.3970","Y","34.5202",
"RCP3526GRA","120.0000","84.0000","10.1000","Y","",
"RCP3526RED","120.0000","84.0000","10.1000","Y","",
"RCP3546BEI","183.2100","128.2500","8.2000","Y","",
"RCP571873BLU","88.5000","61.9500","5.0600","Y","",
"RCP571873GRE","418.6800","158.5760","29.9000","Y","46.0548",
"RCP6304CLE","25.9300","18.1500","0.7500","Y","2.5428",
"RCP816088BLA","492.8600","345.0000","16.8000","Y","",
"RCPF51812WHI","192.3300","74.2700","1.7300","Y","25.0029",
"RCPH225","38.6600","14.9100","1.0290","Y","5.0258",
"RCPJ157","86.5700","60.6000","1.7000","Y","",
"RCPJ853","539.7700","204.4100","0.9700","Y","59.3747",
"RCPQ701BLA","23.1400","16.2000","0.1000","Y","",
"RCP1000E","169.6300","65.4588","7.0000","Y","22.0519",
"RCP1011BLA","1555.5500","589.0950","45.8800","N","171.1105",
"RCP1011L2","27.4500","15.3252","1.0150","Y","3.5685",
"RCP1013BLA","1830.3000","693.1340","99.0000","N","201.3330",
"RCP102542BLA","5142.2600","3599.5800","212.0000","N","",
"RCP1026BLA","5216.1500","2378.1206","0.0000","N","573.7765",
"RCP1027BLA","1158.3500","438.6704","32.8040","N","127.4185",
"RCP1028BLA","447.4000","169.4304","19.2000","N","49.2140",
"RCP1035BLA","5531.7300","2094.8886","215.0000","N","608.4903",
"RCP105943BLA","4793.0000","3355.1000","230.0000","N","",
"RCP105PCLE","11.0100","4.2444","0.4500","Y","1.4313",
"RCP106PCLE","15.1300","5.8320","1.0000","Y","1.9669",
"RCP108P23CLE","10.6300","4.1040","0.1830","Y","1.3819",
"RCP108P86CLE","10.6300","4.1040","0.2000","Y","1.3819",
"RCP117PCLE","17.8600","6.8904","0.8000","Y","2.3218",
"RCP118PCLE","20.2700","7.8192","1.0000","Y","2.6351",
"RCP119201BLA","293.2200","128.7052","1.0000","Y","32.2542",
"RCP121P23CLE","10.6300","4.1040","0.4600","Y","1.3819",
"RCP124PCLE","19.9000","7.6788","1.2000","Y","2.5870",
"RCP1304BLA","1369.9500","548.2956","59.0000","N","150.6945",
"RCP1305BLA","1967.6600","745.1588","77.0000","N","216.4426",
"RCP1305RED","1967.6600","846.6220","0.0000","N","216.4426",
"RCP1305BLA","1967.6600","745.1588","77.0000","N","",
"RCP130542","2290.6200","834.1034","85.0000","N","",
"RCP130573BLU","1967.6600","745.1588","80.4000","N","216.4426",
"RCP1306BLA","2294.3800","868.8820","62.0000","N","252.3818",
"RCP1307BLA","374.9700","141.9976","19.8000","Y","41.2467",
"RCP1314BLA","1852.5600","701.5716","101.0000","N","203.7816",
"RCP1315BLA","2531.9600","958.8548","40.8000","N","",
"RCP1315BLA","2531.9600","958.8548","40.8000","N","278.5156",
"RCP131542BLA","2944.1000","1114.9398","120.0000","N","323.8510",
"RCP1316BLA","2918.0900","1105.0818","85.0000","N","320.9899",
"RCP1317BLA","510.5000","193.3228","18.0000","N","56.1550",
"RCP132PCLE","43.9000","16.9452","3.2000","Y","5.7070",
"RCP134PCLE","25.7300","9.9252","1.4230","Y","3.3449",
"RCP1721GRACT","701.8400","265.7950","41.1000","Y","",
"RCP1730GRA","37.1400","14.3208","2.2000","Y","4.8282",
"RCP1731GRA","92.8200","35.8128","5.8300","Y","12.0666",
"RCP1732GRA","113.5800","43.8264","7.7100","Y","14.7654",
"RCP1779636CT","175.5900","67.7376","12.6000","Y","",
"RCP1788372","85.6900","33.0588","0.8210","Y","11.1397",
"RCP1788373CT","342.7300","124.8256","4.1000","Y","",
"RCP1788374","63.0900","24.3432","0.9440","Y","8.2017",
"RCP1788376","32.1500","12.3984","1.6000","Y","4.1795",
"RCP1788378","32.1500","12.3984","1.7000","Y","4.1795",
"RCP1788380","32.1500","12.3984","1.7000","Y","4.1795",
"RCP1791676CT","230.4000","91.2800","6.2500","Y","",
"RCP1791678CT","140.0500","54.0500","3.1400","Y","",
"RCP1791679CT","209.4400","80.8500","2.6600","Y","",
"RCP1791680","184.7000","71.2400","2.6000","Y","24.0110",
"RCP1791791","216.2200","80.8500","2.7000","Y","28.1086",
"RCP1791792","245.4000","91.7600","3.1000","Y","31.9020",
"RCP1791793","25.0700","16.6200","0.4500","Y","3.2591",
"RCP1791794","150.5400","56.3100","4.3000","Y","19.5702",
"RCP1791795","256.3200","95.8000","3.8000","Y","28.1952",
"RCP1791796","162.5700","62.7200","3.4940","Y","21.1341",
"RCP1791797","402.6800","183.1900","28.7660","Y","44.2948",
"RCP1791798","232.1600","86.7900","14.3740","Y","30.1808",
"RCP1791799","290.1800","106.4500","1.0000","Y","31.9198",
"RCP1791800","116.1000","43.3944","1.0000","Y","15.0930",
"RCP1791802","136.5900","52.6932","1.0000","Y","17.7567",
"RCP1792340","983.8500","372.5794","1.0000","N","108.2235",
"RCP1792372","1837.7100","695.9430","66.4000","N","202.1481",
"RCP1792373","1837.7100","695.9430","67.3000","N","202.1481",
"RCP1792374","1837.7100","695.9430","1.0000","N","202.1481",
"RCP1792975","43.4600","16.7724","0.2000","Y","5.6498",
"RCP1799152","7.7100","2.8836","0.3000","Y","1.0023",
"RCP1805727","749.9500","284.0058","22.0600","Y","82.4945",
"RCP1805728","749.9500","284.0058","22.0600","Y","82.4945",
"RCP1805729","749.9500","284.0058","22.0600","Y","82.4945",
"RCP1805730","749.9500","284.0058","22.0600","Y","82.4945",
"RCP1809375","83.8800","34.2036","3.4000","Y","10.9044",
"RCP1820578","40.1800","15.6168","1.5500","Y","5.2234",
"RCP1820579","41.3700","15.6168","1.5500","Y","5.3781",
"RCP1820580","40.1800","15.6168","0.1110","Y","5.2234",
"RCP1820581","66.2100","25.4880","2.6500","Y","8.6073",
"RCP1820582","66.2100","25.4880","1.7500","Y","8.6073",
"RCP1820583","66.2100","25.4880","1.7500","Y","8.6073",
"RCP1820584","66.2100","25.4880","1.7500","Y","8.6073",
"RCP1822350","120.3500","45.1980","1.0000","Y","15.6455",
"RCP1822351","70.7100","27.4104","3.3800","Y","9.1923",
"RCP1822352","282.8800","107.6200","6.0400","Y","31.1168",
"RCP1835528","307.2100","116.8900","5.7000","Y","33.7931",
"RCP1835529","307.2100","116.8862","3.9400","Y","33.7931",
"RCP1857378","17.8500","6.9228","1.1000","Y","2.3205",
"RCP1857391","17.8500","8.0136","1.1000","Y","2.3205",
"RCP1861427","1369.9500","503.6908","70.0000","Y","150.6945",
"RCP1861429","694.3100","264.2262","50.6000","Y","76.3741",
"RCP1863882","35.6800","22.6044","1.0000","Y","4.6384",
"RCP1863883","23.0700","9.5256","1.0000","Y","2.9991",
"RCP1863884","307.2100","116.8862","1.0000","Y","33.7931",
"RCP1863885","323.6600","116.8862","1.0000","Y","35.6026",
"RCP1863886","139.0200","51.9800","3.0000","Y","18.0726",
"RCP1863887","216.2200","80.8500","2.8000","Y","28.1086",
"RCP1863888","40.1800","15.6168","1.0000","Y","5.2234",
"RCP1863889","66.2100","25.4880","0.1000","Y","8.6073",
"RCP1863890","40.1800","15.6168","0.4900","Y","5.2234",
"RCP1863891","66.0000","24.6240","1.7800","Y","8.5800",
"RCP1863892","194.6700","48.8484","1.0000","Y","25.3071",
"RCP1863893","50.4700","19.5600","1.0000","Y","6.5611",
"RCP1863894","70.5300","27.3500","1.0000","Y","9.1689",
"RCP1863895","276.7700","106.8000","2.6000","Y","30.4447",
"RCP1863896","288.3300","109.7206","22.3940","Y","31.7163",
"RCP1863898","343.1100","129.9454","23.5550","Y","37.7421",
"RCP1863899","343.1100","151.0500","23.4000","Y","37.7421",
"RCP1867396CT","467.7900","178.0200","4.0000","Y","",
"RCP1867397CT","193.8100","74.8000","2.0000","Y","",
"RCP1867398","129.0900","50.0904","1.0000","Y","16.7817",
"RCP1867505","32.3000","13.3488","1.9500","Y","4.1990",
"RCP1867507","355.2300","135.1606","15.6000","Y","39.0753",
"RCP1867508","355.2300","135.1606","15.6000","Y","39.0753",
"RCP1867509","85.0700","32.8104","5.2000","Y","11.0591",
"RCP1867539","1642.1000","624.7852","1.0000","N","180.6310",
"RCP1868433","660.0000","660.0000","22.4000","N","",
"RCP1868434","708.0000","708.0000","23.6000","N","",
"RCP1868435","787.5000","787.5000","25.7000","N","",
"RCP1868436","393.0000","393.0000","20.6000","N","",
"RCP1868438","780.0000","780.0000","28.5000","N","",
"RCP1868440","720.0000","720.0000","25.4000","N","",
"RCP1868621","780.0000","780.0000","26.0000","N","",
"RCP1868991","120.0600","46.3320","1.0000","Y","15.6078",
"RCP1878364","168.2100","65.2104","9.8300","Y","21.8673",
"RCP1878367","161.7300","62.6940","5.8000","Y","21.0249",
"RCP1878368","14.2000","5.5080","0.6000","Y","1.8460",
"RCP1878370","65.2200","25.2828","1.2000","Y","8.4786",
"RCP1880994","49.9100","19.3428","1.0000","Y","6.4883",
"RCP1881749","277.8300","107.6976","20.6000","Y","30.5613",
"RCP1881750","333.4000","125.2814","27.0000","Y","36.6740",
"RCP1881781","388.9900","148.0396","28.6000","Y","42.7889",
"RCP1881782","74.0900","28.7172","1.7000","Y","9.6317",
"RCP1881783","92.6200","35.9208","2.5500","Y","12.0406",
"RCP1901WHI","4.8100","1.8684","0.0820","Y","0.6253",
"RCP1905WHI","8.4900","3.2832","0.2280","Y","1.1037",
"RCP1906WHI","11.1300","4.2984","0.2580","Y","1.4469",
"RCP1933WHI","5.7800","5.7800","0.1200","N","",
"RCP1934WHI","10.0500","10.0500","0.2500","N","",
"RCP1938WHI","12.2200","4.7196","1.0000","Y","1.5886",
"RCP1966RED","23.9300","9.2340","1.0000","Y","3.1109",
"RCP1967RED","31.0600","11.9880","0.2700","Y","4.0378",
"RCP1992GRA","88.0700","61.6500","1.5000","Y","",
"RCP1993GRA","143.5700","100.5000","2.2000","Y","",
"RCP1994YEL","37.8200","14.6016","3.0000","Y","4.9166",
"RCP2005CHA","12.2200","4.7200","0.4130","Y","1.5886",
"RCP20566300","608.5700","426.0000","2.6000","Y","66.9427",
"RCP22564210","608.5700","426.0000","2.6000","Y","",
"RCP2455WHI","37.9200","14.6340","2.0000","Y","4.9296",
"RCP2531","62.1400","43.5000","2.3300","Y","",
"RCP2532","84.4300","59.1000","1.4000","Y","",
"RCP2535","18.6400","13.0500","0.0800","Y","",
"RCP2536","14.1400","5.4500","9.2000","Y","1.8382",
"RCP2540BEI","43.4600","16.7724","1.6000","Y","5.6498",
"RCP2541GRA","69.7800","26.9244","2.9000","Y","9.0714",
"RCP2541BEI","88.5000","61.9500","4.6000","Y","",
"RCP2543GRA","104.7500","40.4136","5.0000","Y","13.6175",
"RCP256BBRO","443.6700","168.0206","15.0000","N","48.8037",
"RCP256B73BLU","464.0800","175.7480","16.6250","N","51.0488",
"RCP256KGRA","289.5700","109.6676","10.3250","N","31.8527",
"RCP256L","1253.5700","877.5000","18.5420","Y","",
"RCP256VRED","436.2600","165.2116","13.6800","Y","47.9886",
"RCP256VBRO","436.2600","165.2116","12.0000","Y","47.9886",
"RCP256W","1253.5700","877.5000","18.5420","Y","",
"RCP257088BEI","336.4300","235.5000","15.5000","Y","",
"RCP257088BLA","259.8700","100.2672","11.9000","Y","28.5857",
"RCP257088BRO","259.8700","100.2672","14.9000","Y","28.5857",
"RCP2585BLA","205.7100","144.0000","8.0000","Y","",
"RCP2586BLA","368.5700","258.0000","10.0000","Y","",
"RCP2588CHR","54.5600","21.0492","2.0000","Y","7.0928",
"RCP2609WHI","16.0300","6.1776","0.8600","Y","2.0839",
"RCP2609GRA","16.0300","6.1776","0.8460","Y","2.0839",
"RCP2610GRA","41.3800","15.9732","28.4400","Y","5.3794",
"RCP2610WHI","41.3800","15.9732","2.7400","Y","5.3794",
"RCP2614RED","36.4300","14.0508","2.0000","Y","4.7359",
"RCP2614GRA","46.5000","32.5500","2.0000","Y","",
"RCP2617GRA","56.7900","21.9240","3.0000","Y","7.3827",
"RCP261960GRA","18.1600","6.9984","1.1600","Y","2.3608",
"RCP261960WHI","18.1600","6.9984","1.4000","Y","2.3608",
"RCP261960YEL","18.1600","6.9984","1.1650","Y","2.3608",
"RCP261960BLA","23.1400","16.2000","9.4000","Y","",
"RCP2620YEL","64.2600","24.7968","5.9000","Y","8.3538",
"RCP2620BLU","64.2600","24.7968","5.8630","Y","8.3538",
"RCP2620GRA","70.2900","49.2000","6.3700","Y","",
"RCP2620WHI","64.2600","24.7968","5.9000","Y","8.3538",
"RCP262073BLU","64.2600","24.7968","6.0000","Y","8.3538",
"RCP262888GRA","75.4300","52.8000","0.7100","Y","",
"RCP2631BLU","33.8600","23.7000","2.0500","Y","",
"RCP2631GRA","33.8600","23.7000","2.1700","Y","",
"RCP2631RED","33.8600","23.7000","2.6000","Y","3.4814",
"RCP2631WHI","33.8600","23.7000","1.6700","Y","3.4814",
"RCP2631YEL","33.8600","23.7000","2.2000","Y","3.4814",
"RCP2631DGR","33.8600","23.7000","2.0500","Y","",
"RCP2632YEL","103.9300","72.7500","7.4000","Y","10.7198",
"RCP2632BLU","103.9300","72.7500","8.6000","Y","10.7198",
"RCP2632DGR","103.9300","72.7500","7.6380","Y","10.7198",
"RCP2632GRA","90.0000","63.0000","8.4000","N","",
"RCP2632RED","103.9300","72.7500","8.6000","Y","10.7198",
"RCP2632WHI","103.9300","72.7500","8.6000","Y","10.7198",
"RCP263273BLU","103.9300","72.7500","8.4000","N","",
"RCP263788GRA","250.7100","175.5000","9.8000","Y","",
"RCP263788RED","250.7100","175.5000","9.2540","Y","25.5255",
"RCP2640BLA","144.6400","101.2500","6.5500","Y","",
"RCP264043BLA","218.5700","153.0000","12.5200","Y","22.3704",
"RCP2642YEL","129.6400","90.7500","2.2000","Y","",
"RCP264360RED","162.8600","114.0000","13.0000","N","",
"RCP264356GRA","162.8600","114.0000","13.7500","N","",
"RCP264360BLA","162.8600","114.0000","12.3750","N","",
"RCP264360BLU","162.8600","114.0000","12.7000","N","",
"RCP264360DGR","162.8600","114.0000","12.8420","N","",
"RCP264360GRA","143.5700","100.5000","13.0625","N","",
"RCP264360YEL","162.8600","114.0000","12.3000","Y","16.5711",
"RCP264360WHI","162.8600","114.0000","12.7000","N","",
"264307BLU","127.4700","49.1832","12.0000","N","",
"RCP264560WHI","43.8900","16.9344","2.3430","Y","5.7057",
"RCP264560YEL","43.8900","16.9344","2.2000","Y","5.7057",
"RCP264560BLA","43.8900","16.9344","2.4100","Y","",
"RCP264560BLA","43.8900","16.9344","2.4100","Y","5.7057",
"RCP264560DGR","43.8900","16.9344","2.5600","Y","5.7057",
"RCP264560RED","43.8900","16.9344","3.1500","Y","5.7057",
"RCP264600BLA","364.1200","137.9060","21.0000","Y","",
"RCP264788GRA","204.3800","78.8724","57.7500","Y","26.5694",
"RCP264788RED","204.3800","78.8724","1.0000","Y","26.5694",
"RCP2649GRA","69.4400","26.7840","2.0000","Y","9.0272",
"RCP2650BLA","240.9600","92.9664","10.5760","Y","31.3248",
"RCP2651L2","9.1600","4.7952","0.0100","Y","1.1908",
"RCP2654DGRNCT","195.8600","75.5568","12.3000","Y","",
"RCP2654WHICT","195.8600","75.5568","11.6000","Y","",
"RCP2654DGRNCT","195.8600","75.5568","12.3000","Y","",
"RCP2654REDCT","195.8600","75.5568","11.6000","Y","",
"RCP2654YEL","195.8600","75.5568","11.8000","Y","25.4618",
"RCP2655DGRNCT","586.3700","222.0276","47.3000","N","",
"RCP2655DGRNCT","586.3700","222.0276","47.3000","N","",
"RCP2655REDCT","586.3700","222.0276","47.2000","N","",
"RCP2655WHICT","586.3700","222.0276","47.6000","N","",
"RCP2655YELCT","586.3700","222.0276","47.5000","N","",
"RCP2655GRAY","146.1500","81.3780","15.0000","Y","",
"RCP265788GY","260.5800","100.5480","14.3000","Y","",
"RCP265788RED","260.5800","100.5480","13.9000","Y","28.6638",
"RCP2664BEI","141.8600","54.7344","26.9600","Y","18.4418",
"RCP2664GRAY","141.8600","54.7344","5.6650","Y","",
"RCP267200BG","75.0200","28.9440","2.0000","Y","",
"RCP267200GY","75.0200","28.9440","1.6000","Y","",
"RCP267360BEI","83.5400","32.2380","3.1300","Y","10.8602",
"RCP267360BLUCT","334.1800","126.5640","12.5000","Y","",
"RCP267360BEI","83.5400","32.2380","3.1300","Y","",
"RCP267400BK","99.6000","38.4264","1.5300","Y","",
"RCP268888GY","85.6900","33.0588","0.8800","Y","",
"RCP268988BG","67.9300","26.2008","2.8480","Y","",
"RCP268988GRA","67.9300","26.2008","2.0000","Y","",
"RCP268988GRA","67.9300","26.2008","2.0000","Y","8.8309",
"RCP2690GRECT","242.6700","93.6576","2.0000","Y","",
"RCP2691GRECT","252.3400","97.3944","4.5860","Y","",
"RCP269288BE","85.6900","33.0588","0.8180","Y","",
"RCP269288BRO","85.6900","33.0588","0.8000","Y","11.1397",
"RCP269288BRO","85.6900","33.0588","0.8000","Y","",
"RCP270388BE","85.6900","33.0588","0.8060","Y","",
"RCP2791BLU","132.5200","51.1380","3.0000","Y","17.2276",
"RCP2882CLE","12.6100","4.8708","1.0000","Y","1.6393",
"RCP2884CLE","21.9200","8.4564","0.4600","Y","2.8496",
"RCP2885WHI","15.5900","6.0156","0.3920","Y","2.0267",
"RCP2886CLE","24.5200","9.4608","0.7120","Y","3.1876",
"RCP2947GRA","44.5400","17.1936","2.0000","Y","5.7902",
"RCP295073BLA","21.1800","8.1756","0.7500","Y","2.7534",
"RCP295073GRECT","254.0700","98.0856","9.0000","Y","",
"RCP2952BEI","15.5900","6.0156","0.6000","Y","2.0267",
"RCP2955GRA","14.1400","5.4540","2.0000","Y","1.8382",
"RCP295500BG","14.1400","5.4540","1.1200","Y","",
"RCP2955GRA","14.1400","5.4540","2.0000","Y","",
"RCP295573BE","14.4800","5.5944","1.1020","Y","",
"RCP295673BE","15.5900","6.0156","1.8200","Y","",
"RCP295600BG","15.1900","5.8644","1.7000","Y","",
"RCP295600GY","15.1900","5.8644","1.8750","Y","",
"RCP295606GRECT","200.1400","77.1444","23.5000","Y","",
"RCP295673BE","15.5900","6.0156","1.8200","Y","",
"RCP295773BE","29.7300","11.4696","1.6500","Y","",
"RCP295700BG","28.6200","11.0376","0.9000","Y","",
"RCP295700GY","28.6200","11.0376","0.9000","Y","",
"RCP295773BE","29.7300","11.4696","1.6500","Y","",
"RCP2963GRAY","18.1900","8.5104","1.3100","Y","",
"RCP2963RED","24.1200","9.3096","1.0000","Y","3.1356",
"RCPST12SSPL","745.6700","283.0836","22.0000","Y","82.0237",
"RCPST24EPLWH","616.4400","233.4438","59.1600","Y","67.8084",
"RCP3062PRPERCT","110.4700","43.7400","0.8000","Y","",
"RCP306600BG","32.7000","12.6144","0.9700","Y","",
"RCP306600BK","32.7000","12.6144","0.9690","Y","",
"RCP306700BG","34.1900","13.1868","1.1170","Y","",
"RCP306700BK","34.1900","13.1868","1.1140","Y","",
"RCP3210CLE","13.3600","5.1516","0.1000","Y","1.7368",
"RCP3215CLE","23.0700","8.8992","0.1000","Y","2.9991",
"RCP3216CLE","25.6000","9.8712","1.0000","Y","3.3280",
"RCP3217CLE","34.9000","13.4784","0.7080","Y","4.5370",
"RCP3218CLE","37.9200","14.6340","2.0000","Y","4.9296",
"RCP3300CLE","107.4200","41.4396","7.0000","Y","13.9646",
"RCP3301CLE","155.1600","59.8644","5.0000","Y","20.1708",
"RCP3302CLE","43.2500","16.6752","2.0000","Y","5.6225",
"RCP3303CLE","67.9500","26.2116","3.9790","Y","8.8335",
"RCP3304CLE","59.4000","22.9176","25.6300","Y","7.7220",
"RCP3305CLE","38.1000","14.7096","1.3530","Y","4.9530",
"RCP3306CLE","63.5200","24.5052","3.3000","Y","8.2576",
"RCP3307CLE","35.0300","13.5216","0.7000","Y","4.5539",
"RCP3308CLE","82.0600","31.6548","4.4000","Y","10.6678",
"RCP3309CLE","44.2700","17.0856","3.6000","Y","5.7551",
"RCP3310CLE","21.6100","8.3376","2.0000","Y","2.8093",
"RCP3311CLE","63.5200","24.5052","2.7120","Y","8.2576",
"RCP3314CLE","17.4800","6.7392","0.5830","Y","2.2724",
"RCP3318CLE","40.1500","15.4872","1.4770","Y","5.2195",
"RCP3334CLE","24.8900","9.6012","0.8940","Y","3.2357",
"RCP3335CLE","19.6500","7.5816","0.8300","Y","2.5545",
"RCP3336CLE","18.5700","7.1604","1.0000","Y","2.4141",
"RCP3337CLE","20.8000","8.0244","0.9200","Y","2.7040",
"RCP333800CR","20.8000","8.0244","0.7460","Y","",
"RCP3339CLE","27.0900","10.4544","0.6000","Y","3.5217",
"RCP3349GRA","24.1200","9.3096","1.7000","Y","3.1356",
"RCP3349WHI","24.1200","9.3096","1.0490","Y","3.1356",
"RCP334992GRA","17.0700","6.3288","1.8000","N","2.2191",
"RCP3350BRO","42.3100","16.3296","3.0000","Y","5.5003",
"RCP3351GRA","37.4800","14.4612","2.9000","Y","4.8724",
"RCP3351BRO","37.4800","14.4612","2.5870","Y","4.8724",
"RCP335388BLA","182.2500","70.3080","4.0000","Y","23.6925",
"RCP335488BLA","86.9000","33.5340","2.0000","Y","11.2970",
"RCP335588PLA","876.1900","331.8118","35.0000","Y","96.3809",
"RCP3358CLE","318.3300","120.5538","11.0000","Y","35.0163",
"RCP3359CLE","423.2200","160.2614","12.0000","Y","46.5542",
"RCP3421BLA","475.2000","179.9562","34.0000","Y","52.2720",
"RCP342488BLA","560.5800","212.2968","30.0000","Y","61.6638",
"RCP342488OWH","560.5800","212.2968","30.0000","Y","61.6638",
"RCP342488BLA","560.5800","212.2968","30.0000","Y","",
"RCP342488RED","560.5800","212.2968","30.0000","Y","61.6638",
"RCP3424L6","18.0900","11.5344","0.8500","Y","2.3517",
"RCP3456AMB","22.0700","8.5320","0.1000","Y","2.8691",
"RCP345700BLA","865.0500","327.5930","45.0000","Y","",
"RCP3486108","148.1500","57.1644","3.0000","Y","19.2595",
"RCP3486110CT","107.1400","41.5584","2.3800","Y","",
"RCP3500WHI","78.2800","30.1968","4.9720","Y","10.1764",
"RCP3501WHI","116.3400","44.8956","9.0000","Y","15.1242",
"RCP3502WHI","33.9800","13.1112","2.4000","Y","4.4174",
"RCP3504WHI","41.7000","41.7000","2.8000","N","",
"RCP3506WHI","48.3900","18.6732","3.0000","Y","6.2907",
"RCP3507WHI","27.4700","10.5948","1.1000","Y","3.5711",
"RCP3508WHI","60.3900","23.3064","3.5000","Y","7.8507",
"RCP3509WHI","33.9800","13.1112","1.8000","Y","4.4174",
"RCP3510WHI","19.9000","7.6788","0.9000","Y","2.5870",
"RCP352000BG","194.0000","74.8548","7.7500","Y","",
"RCP352000GY","194.0000","74.8548","6.5600","Y","",
"RCP352073BLU","194.0000","74.8548","6.5640","Y","25.2200",
"RCP3526WHI","94.5800","36.5040","8.9590","Y","12.2954",
"RCP3527WHI","29.5100","11.3940","2.8000","Y","",
"RCP3527RED","29.5100","11.3940","2.2580","Y","3.8363",
"RCP3527WHI","29.5100","11.3940","2.8000","Y","3.8363",
"RCP3530","153.8200","59.3460","13.4900","Y","19.9966",
"RCP3536WHI","133.5200","51.5160","14.6000","Y","",
"RCP3536WHI","133.5200","51.5160","14.6000","Y","17.3576",
"RCP353673BLU","133.5200","51.5160","14.6000","N","17.3576",
"RCP3539WHI","40.5200","15.6384","3.7000","Y","",
"RCP3539WHI","40.5200","15.6384","3.7000","Y","5.2676",
"RCP3540BE","115.3200","44.4960","29.9040","Y","",
"RCP3540GRAY","84.4000","60.9984","6.6500","Y","",
"RCP354000BG","115.3200","44.4960","8.2100","Y","",
"RCP354007BE","128.1900","49.4532","8.0000","Y","",
"RCP3540BRO","107.2500","107.2500","7.6000","N","",
"RCP354007BE","128.1900","49.4532","7.6500","Y","",
"RCP354007GN","128.1900","49.4532","7.6500","Y","",
"RCP354060BG","128.1900","49.4532","7.6500","Y","",
"RCP354060BK","128.1900","49.4532","7.6500","Y","",
"RCP354060GY","128.1900","49.4532","7.6500","Y","",
"RCP354007BE","128.1900","49.4532","8.0000","Y","",
"RCP1971258","99.7200","38.4696","6.0000","Y","",
"RCP1883455","127.2000","70.7508","7.0000","Y","",
"RCP1971257","99.7200","38.4696","6.0000","Y","",
"RCP3543GRA","91.3900","35.2620","2.4500","Y","11.8807",
"RCP354600BG","141.4600","54.5832","6.9000","Y","",
"RCP3548GRA","60.1700","23.2200","1.1000","Y","7.8221",
"RCP3550GRA","110.2400","42.5412","3.7100","Y","14.3312",
"RCP355188BLA","171.0300","65.9880","10.9000","Y","22.2339",
"RCP355200GY","142.6000","55.0152","6.7250","Y","",
"RCP3553STL","344.5100","130.4648","1.0000","Y","37.8961",
"RCP356300BG","159.6200","85.0716","6.6400","Y","",
"RCP3566GRA","286.8200","108.6182","8.0000","Y","31.5502",
"RCP356907GRECT","638.4700","241.7860","25.4000","Y","",
"RCP356973BE","159.6200","61.5816","29.3000","Y","",
"RCP356988BRO","159.6200","61.5816","5.0500","Y","20.7506",
"RCP356988BG","159.6200","61.5816","5.0500","Y","",
"RCP356988BG","159.6200","61.5816","5.0500","Y","",
"RCP356988BG","159.6200","61.5816","5.0500","Y","",
"RCP360088WHI","712.8100","269.9396","28.1600","Y","78.4091",
"RCP360288WHI","749.9800","284.0164","31.0000","Y","82.4978",
"RCP360388WHI","761.0800","288.2352","33.2000","Y","83.7188",
"RCP362000BK","303.4900","114.9358","3.2500","Y","",
"RCP3690WHICT","179.1200","69.1416","6.8000","Y","",
"RCP3958GRA","258.0100","99.5544","77.3000","Y","",
"RCP3958GRA","258.0100","99.5544","77.3000","Y","28.3811",
"RCP395873BLU","258.0100","99.5544","9.0000","Y","28.3811",
"RCP3959BEI","357.3300","135.3408","12.9500","Y","39.3063",
"RCP3959GRA","357.3300","135.3408","12.9500","Y","39.3063",
"RCP395973BLU","357.3300","135.3408","11.6000","Y","39.3063",
"RCP3964BLA","1217.7400","443.4192","74.0000","N","",
"RCP3964BLA","1217.7400","443.4192","74.0000","N","133.9514",
"RCP3964DGR","1217.7400","461.1530","74.6000","N","133.9514",
"RCP3965BEI","1369.9500","498.8466","65.0000","N","150.6945",
"RCP3965BLA","1369.9500","518.8064","76.0000","N","150.6945",
"RCP3965DGR","1369.9500","498.8466","74.9000","Y","150.6945",
"RCP396873BLU","1418.1900","516.4108","78.0430","N","156.0009",
"RCP396973BLU","747.8400","537.0808","78.0000","N","",
"RCP3970SAB","1345.8000","509.6692","49.5500","N","148.0380",
"RCP3975SAB","1470.7600","556.9876","53.2000","N","161.7836",
"RCP397589","2541.6900","962.5436","62.3900","N","279.5859",
"RCP4003RIV","414.0400","156.8058","35.2000","Y","45.5444",
"RCP4004RIV","527.0000","199.5556","46.2000","Y","57.9700",
"RCP4091L1BLA","93.0500","60.2316","10.1000","N","",
"RCP4091GRA","634.8800","240.4398","43.0000","Y","69.8368",
"RCP409100CM","634.8800","240.4398","43.4000","Y","",
"RCP4092CRE","894.7500","338.8396","44.0000","Y","98.4225",
"RCP4093BLA","1020.9600","386.6350","49.6500","Y","112.3056",
"RCP4093CRE","1020.9600","386.6350","50.0000","Y","112.3056",
"RCP4095BLA","1110.0800","420.3854","52.0000","Y","122.1088",
"RCP409600BLA","831.6000","314.9366","52.0000","Y","",
"RCP421588BLA","201.4100","77.7276","4.7520","Y","26.1833",
"RCP424288BLA","279.3800","107.8056","32.4000","N","",
"RCP4243BLA","247.8200","95.6124","23.2670","N","",
"RCP4244BLA","264.5200","98.1396","24.8000","N","",
"RCP4245BLA","467.7600","177.1366","53.0000","N","51.4536",
"RCP4247BLA","738.8300","279.7976","80.0000","N","81.2713",
"RCP424806BLACT","345.4100","130.8040","11.6000","Y","",
"RCP4251YEL","153.7000","59.3136","2.5000","Y","19.9810",
"RCP4252YEL","58.3100","22.4964","22.0000","Y","7.5803",
"RCP4253YEL","49.0100","18.9000","1.0000","Y","6.3713",
"RCP4254","53.4800","20.6388","1.2120","Y","",
"RCP430000BK","1154.6200","437.2606","52.0000","Y","",
"RCP440000","310.0100","117.3950","19.1000","Y","",
"RCP4401BLA","376.8100","142.6972","45.6900","Y","41.4491",
"RCP4403BLA","1076.6700","407.7396","58.2010","N","118.4337",
"RCP4406BLA","1128.6500","427.4344","65.5000","N","124.1515",
"RCP443600BK","1202.8900","455.5350","78.0000","N","",
"RCP443610BLA","1358.8000","514.5770","75.8000","N","149.4680",
"RCP4441BLA","1228.8400","465.3718","75.8000","N","135.1724",
"RCP4462","891.0400","337.4404","73.0000","N","",
"RCP4463BLA","1002.3500","379.6072","85.0000","N","110.2585",
"RCP4464","1147.1800","434.4410","106.0000","N","",
"RCP4465","2446.6200","926.5354","133.0000","N","",
"RCP4466BLA","1384.7700","524.4138","81.6000","N","152.3247",
"RCP446610BLA","1533.3200","580.6786","89.9920","N","168.6652",
"RCP4467","1121.2400","424.6148","81.0000","N","",
"RCP4468BLA","1247.4400","472.4102","96.0000","N","137.2184",
"RCP4469","1399.6500","530.0636","117.0000","N","",
"RCP4471BLA","1421.9300","538.4906","85.0000","N","156.4123",
"RCP4473BLA","1358.8000","514.5770","102.0070","N","149.4680",
"RCP447500BLA","1282.6300","502.1750","86.0000","N","",
"RCP4477BLA","1525.9100","577.8696","97.9940","N","167.8501",
"RCP4479BLA","1659.5200","628.4634","115.0000","N","182.5472",
"RCP4485BLA","1757.1000","683.3078","103.0000","N","193.2810",
"RCP4486BLA","1757.1000","683.3078","105.0050","N","193.2810",
"RCP4496BLA","1529.6000","579.2688","99.2070","N","168.2560",
"RCP450088BG","464.0800","175.7480","42.0000","Y","",
"RCP450088BK","464.0800","175.7480","42.0000","Y","",
"RCP4501L1","17.2600","10.9836","0.9730","Y","2.2438",
"RCP4501L2","22.3900","14.1048","1.0790","Y","2.9107",
"RCP450500BG","497.4900","188.3938","30.2500","Y","",
"RCP450500BK","497.4900","188.3938","30.0000","Y","",
"RCP451288BLA","1121.2400","424.6148","57.0600","N","123.3364",
"RCP451388BLA","1544.4200","584.8656","1.0000","Y","169.8862",
"RCP4593RED","221.8100","85.5792","12.2800","Y","28.8353",
"RCP452088BG","527.1500","199.6298","41.0000","Y","",
"RCP452088BK","527.1500","199.6298","58.6700","Y","",
"RCP452500BG","551.3300","208.7988","41.0000","Y","",
"RCP452500BK","551.3300","208.7988","41.0000","Y","",
"RCP453288BLA","1536.9800","582.0566","72.3000","N","169.0678",
"RCP453388BLA","2008.5200","760.6242","122.9000","N","220.9372",
"RCP453588BLA","1295.7100","490.6846","1.0000","Y","142.5281",
"RCP4545BLA","872.4600","330.3914","42.0000","Y","95.9706",
"RCP4546BLA","920.7000","348.6658","52.3700","Y","101.2770",
"RCP454610BLA","1473.9000","558.1748","73.9200","Y","162.1290",
"RCP454888BLA","2312.9100","875.9204","1.0000","Y","254.4201",
"RCP4590BLA","125.8600","48.5676","3.0000","Y","",
"RCP4592","768.4900","291.0230","25.5510","Y","84.5339",
"DISCONTINUED","737.1700","270.4300","1.0000","N","",
"RCP4608BLA","735.1000","278.3878","33.2000","N","80.8610",
"RCP4609BLA","408.3700","154.6434","11.6000","Y","44.9207",
"RCP4611BLA","1429.3400","541.2996","70.0000","N","157.2274",
"RCP461200BLA","961.5600","364.1418","47.7000","N","",
"RCP461300BLA","447.4000","169.4304","15.1200","Y","",
"RCP4614BLA","1076.6700","407.7396","53.0000","N","118.4337",
"RCP4615BLA","482.6400","182.7652","15.0000","Y","53.0904",
"RCP4616BLU","1169.4700","442.8786","53.0000","N","",
"RCP461673BE","1169.4700","442.8786","51.0000","N","",
"RCP4617BLA","517.9200","196.1424","19.0000","Y","56.9712",
"RCP4618BLA","1696.6400","642.5190","75.0000","N","186.6304",
"RCP4619BLA","1369.9500","518.8064","64.0000","N","150.6945",
"RCP4708BLA","1061.8500","402.1216","46.5000","N","116.8035",
"RCP4712BLA","1299.3600","492.0626","62.3000","N","142.9296",
"RCP4716BLA","1548.1100","586.2754","69.0000","N","170.2921",
"RCP4720BLA","1826.5600","691.7242","84.8000","N","200.9216",
"RCP4726BLA","701.6500","265.7208","","N","",
"RCP4727BLA","2145.8800","812.6490","105.0000","N","236.0468",
"RCP500388CLE","282.1300","106.8480","20.3000","Y","31.0343",
"RCP500488GRA","342.0000","342.0000","20.0000","N","",
"RCP500788GRA","506.7900","191.9236","27.4000","Y","55.7469",
"RCP500888CLE","436.2600","165.2116","24.6000","Y","47.9886",
"RCP500888GRA","436.2600","165.2116","24.6000","Y","47.9886",
"RCP500988GRA","445.4700","168.6990","21.8000","Y","49.0017",
"RCP501088GRA","317.3800","120.1828","16.5000","Y","34.9118",
"RCP501188GRA","410.1900","155.3430","26.0000","Y","45.1209",
"RCP501388GRA","441.7800","167.3104","28.0000","Y","48.5958",
"RCP501388CLE","441.7800","167.3104","18.2000","Y","48.5958",
"RCP502888GRA","374.9700","141.9976","19.0000","Y","41.2467",
"RCP505012CT","649.8800","246.1320","2.7000","Y","",
"RCP511400WH","112.3800","43.3620","0.8180","Y","",
"RCP5137","139.2200","53.7192","0.9530","Y","18.0986",
"RCP5138","204.0000","204.0000","7.8000","N","",
"RCP5139","204.0000","204.0000","7.6000","N","",
"RCP5158","157.1100","60.6312","2.5700","Y","20.4243",
"RCP5159","157.1100","60.6312","0.7500","Y","20.4243",
"RCP516000","157.1100","60.6312","3.0000","Y","",
"RCP5169","194.0000","74.8548","1.0000","Y","25.2200",
"RCP5640BLA","619.9700","234.7900","49.2000","N","68.1967",
"RCP5642BLA","605.1200","229.1614","49.4500","N","66.5632",
"RCP564210","1299.3600","492.0626","1.0000","N","",
"RCP565461BLA","529.0500","200.3612","37.1200","Y","58.1955",
"RCP565861BLA","475.2000","179.9562","46.7000","N","52.2720",
"RCP5660BLA","1046.9300","396.4718","101.6500","N","115.1623",
"RCP566261BLA","571.7300","216.5156","62.5000","N","62.8903",
"RCP566361BLA","1399.6500","530.0636","80.0000","N","153.9615",
"RCP571473BE","54.1600","20.8980","4.0100","Y","",
"RCP571473GRE","54.1600","20.8980","4.3500","Y","7.0408",
"RCP5720WHI","5.8300","2.2464","0.3000","Y","0.7579",
"RCP572024CLE","6.1700","2.3760","0.2830","Y","0.8021",
"RCP5721WHI","8.5900","3.3156","1.0000","Y","1.1167",
"RCP572124CLE","9.2700","3.5748","0.4910","Y","1.2051",
"RCP5722YEL","5.1500","2.3112","0.1680","Y","0.6695",
"RCP5723WHI","10.2900","3.9744","1.0000","Y","1.3377",
"RCP572324CLE","10.6300","4.1040","0.6900","Y","1.3819",
"RCP5724WHI","11.6900","4.5036","1.0000","Y","1.5197",
"RCP572424CLE","13.7300","5.3028","0.8000","Y","1.7849",
"RCP5725YEL","5.4900","2.1168","0.2000","Y","0.7137",
"RCP572624CLE","22.3200","8.6076","1.2000","Y","2.9016",
"RCP5728WHI","32.6100","12.5820","2.4200","Y","4.2393",
"RCP572824CLE","29.8500","12.3444","2.4700","Y","3.8805",
"RCP572924CLE","42.9000","16.5456","2.2500","Y","5.5770",
"RCP5730YEL","12.3400","4.7520","1.0000","Y","1.6042",
"RCP611200YW","32.3000","13.3488","2.2000","Y","",
"RCP611277YWCT","168.1800","93.5280","15.0000","Y","",
"RCP611477YEL","85.0700","32.8104","4.9860","Y","11.0591",
"RCP612788YEL","192.7600","74.3688","8.0000","Y","25.0588",
"RCP614000","130.3200","50.2740","2.6110","Y","",
"RCP6141","76.1300","29.3760","4.8000","Y","9.8969",
"RCP6142WHI","225.9500","84.4560","7.0000","Y","29.3735",
"RCP1883456","220.5700","94.8780","8.0000","Y","",
"RCP1883564","220.5700","94.8780","8.0000","Y","",
"RCP1883555","220.5700","94.8780","8.0000","Y","",
"RCP6144YEL","265.9200","99.3924","9.0390","Y","",
"RCP6144YEL","265.9200","99.3924","9.0390","Y","",
"RCP6144YEL","265.9200","99.3924","9.0390","Y","",
"RCP6145L3","34.3900","17.7336","0.4400","Y","",
"RCP6145L3","34.3900","17.7336","0.4400","Y","",
"RCP1883559","293.0100","123.7126","12.0000","Y","",
"RCP1883552","419.2800","158.7774","16.4240","Y","",
"RCP6146RED","432.8000","158.7774","16.0100","Y","47.6080",
"RCP6146WHI","432.8000","158.7774","16.0000","Y","47.6080",
"RCP614687RD","687.9500","355.5770","18.7500","Y","",
"RCP614687RD","687.9500","355.5770","18.7500","Y","",
"RCP6147L1","16.4200","8.4672","1.0000","Y","",
"RCP614700RD","445.7400","202.7780","18.7500","Y","",
"RCP614787BK","841.8700","382.9674","21.7500","Y","",
"RCP6171BLA","320.3900","121.3170","16.2000","Y","",
"RCP617388BK","327.2400","176.4582","38.0000","Y","",
"RCP617388BLU","465.9600","176.4582","39.1980","N","51.2556",
"RCP6173L1","18.2800","11.5128","0.8600","Y","2.3764",
"RCP6173L9GRA","47.0500","30.7584","3.6800","Y","6.1165",
"RCP6174BLA","249.8000","96.3792","8.3000","Y","32.4740",
"RCP6176BLACT","249.8000","96.4008","3.7000","Y","",
"RCP6177L1","27.3300","14.0508","0.5000","Y","",
"RCP6179BLA","139.2200","53.7192","2.8940","Y","18.0986",
"RCP618000BLA","976.4100","369.7598","52.0000","Y","",
"RCP618088BLA","1332.8100","504.7402","65.0000","Y","146.6091",
"RCP6181YEL","246.3300","95.0400","7.4500","Y","32.0229",
"RCP1966719","113.9200","46.8072","1.0000","Y","",
"RCP6184YEL","50.4700","19.4832","1.0260","Y","6.5611",
"RCP6187BLA","89.1600","34.4088","1.7000","Y","11.5908",
"RCP6189PLA","2123.6000","804.2114","84.0000","N","233.5960",
"RCP6190BLA","1777.7600","673.2378","95.5910","N","195.5536",
"RCP6191BLA","2134.7200","808.4196","1.0000","Y","234.8192",
"RCP6192BLA","1956.2300","740.8234","86.5000","N","215.1853",
"RCP1966885","113.9200","43.9560","1.8610","Y","14.8096",
"RCP6194STL","40.7000","15.7032","2.5000","Y","5.2910",
"RCP6196BLA","142.7300","64.0224","2.4910","Y","18.5549",
"RCP6197BLA","185.6300","71.6364","6.7020","Y","24.1319",
"RCP6199BLA","146.9300","68.2452","1.0000","Y","",
"RCP6243GRA","66.4000","24.8292","2.1000","Y","8.6320",
"RCP6245GRA","98.3700","36.7740","1.6500","Y","12.7881",
"RCP6276YEL","96.8800","37.3788","1.0000","Y","12.5944",
"RCP627677","96.8800","37.3788","3.5200","Y","",
"RCP627777","69.7800","26.9244","2.3400","Y","",
"RCP6300BLA","499.3500","189.1146","20.7000","Y","54.9285",
"RCP630100YEL","5.5500","2.1492","0.2360","Y","",
"RCP6302CLE","13.3900","5.1732","0.5310","Y","1.7407",
"RCP6306CLE","24.3700","9.4068","1.3000","Y","3.1681",
"RCP6308CLE","27.8100","10.7352","1.6400","Y","3.6153",
"RCP631000WE","5.1500","2.5704","0.2190","Y","",
"RCP631100WE","5.2100","2.0196","0.2340","Y","",
"RCP6312CLE","42.5900","16.4268","1.5500","Y","5.5367",
"RCP6320","12.6100","4.8708","0.4300","Y","1.6393",
"RCP6322CLE","70.3700","27.1512","3.5000","Y","9.1481",
"RCP6341BLA","13.3600","5.1516","0.6100","Y","1.7368",
"RCP6342","14.8500","5.7348","0.4440","Y","",
"RCP6350BLA","158.8800","61.3008","1.5200","Y","20.6544",
"RCP6351DZ","80.3500","30.9636","10.0000","Y","",
"RCP6355GRA","34.5000","13.3200","1.0000","Y","4.4850",
"RCP6357DZ","196.4200","75.7188","1.0500","Y","",
"RCP6361","7.7500","2.9900","0.6000","Y","1.0075",
"RCP6362","10.4100","4.0100","1.5000","Y","1.3533",
"RCP6364","10.4100","4.0100","2.0000","Y","1.3533",
"RCP6373BRO","13.3600","5.1516","0.7000","Y","1.7368",
"RCP637400BLA","18.9100","7.2900","1.1000","Y","",
"RCP637500GY","36.0600","13.9104","0.8200","Y","",
"RCP6381","27.0900","10.4500","1.7000","Y","3.5217",
"RCP6383","34.1900","13.1900","2.0640","Y","4.4447",
"RCP6385GRA","47.4900","18.3300","1.3000","Y","6.1737",
"RCP638906BLACT","163.1800","61.0092","4.4100","Y","",
"RCP6397CT","311.7400","118.1158","12.0000","Y","",
"RCP6435BRNZ","51.2500","31.5684","2.3500","Y","",
"RCP6436YEL","33.7900","13.0464","0.6000","Y","4.3927",
"RCP6482COB","6.3300","2.4400","0.2470","Y","0.8229",
"RCP6509WHI","8.9300","3.4452","0.2100","Y","1.1609",
"RCP6523WHI","12.3400","4.7520","0.4000","Y","1.6042",
"RCP6C0100","36.6400","14.4936","0.5830","Y","",
"RCP7035BROCT","90.5200","34.9488","5.9520","Y","",
"RCP1982726","35.2800","13.6188","2.0000","Y","",
"RCP738000YEL","142.4500","54.9612","11.4080","Y","",
"RCP750243","141.0500","54.4320","5.0000","Y","18.3365",
"RCP750443","186.0100","71.6256","10.4880","Y","24.1813",
"RCP757088YEL","147.4300","56.8944","10.0000","Y","19.1659",
"RCP757088BRO","147.4300","56.8944","8.0000","Y","19.1659",
"RCP7570L2","7.0000","4.3740","0.3600","Y","0.9100",
"RCP757588BRO","272.7100","101.9304","22.0600","Y","29.9981",
"RCP757588YEL","264.1800","101.9304","9.0000","Y","29.0598",
"RCP757688YW","487.2800","184.5354","20.4500","Y","",
"RCP757788BN","309.6900","117.2678","21.0000","Y","",
"RCP757788YW","258.7800","141.5312","14.0000","Y","",
"RCP758088BN","207.9500","80.2440","21.0000","Y","",
"RCP758088YW","180.3500","80.2440","20.0000","Y","",
"RCP758888BLU","252.5800","97.4592","19.6000","Y","27.7838",
"RCP758888BLU","252.5800","97.4592","19.6000","Y","",
"RCP758888GRE","252.5800","97.4592","20.0000","Y","27.7838",
"RCP758888RED","252.5800","97.4592","19.8000","Y","27.7838",
"RCP759088YEL","222.2000","85.7520","8.0000","Y","28.8860",
"RCP7677YEL","439.0900","166.2928","27.9000","Y","48.2999",
"RCP768000YW","343.6100","130.1362","25.4500","Y","",
"RCP773488","991.2300","375.3778","69.0000","Y","",
"RCP7777YEL","581.8400","220.3528","1.0000","Y","64.0024",
"RCP778000YW","492.6200","186.5600","37.9800","Y","",
"RCP7802BLA","208.8500","80.5896","10.8500","Y","27.1505",
"RCP7804BLA","462.2400","175.0500","32.9810","Y","50.8464",
"RCP780508BLA","495.6500","187.7048","17.0000","Y","",
"RCP780508DGR","495.6500","187.7048","17.0000","Y","",
"RCP780508PLA","495.6500","187.7048","1.0000","Y","54.5215",
"RCP780608BLA","406.5000","153.9438","16.5000","Y","44.7150",
"RCP780608DGR","406.5000","153.9438","16.5000","Y","",
"RCP780608PLA","406.5000","153.9438","16.5000","Y","",
"RCP781408BLA","345.3100","130.7722","16.9970","Y","37.9841",
"RCP781408DGR","345.3100","125.7372","1.0000","Y","37.9841",
"RCP781408PLA","332.0100","155.5126","16.9970","Y","36.5211",
"RCP781588BLA","113.9600","43.9668","2.5000","Y","14.8148",
"RCP781588DGR","113.9600","43.9668","2.5000","Y","",
"RCP781588PLA","113.9600","43.9668","2.0000","Y","14.8148",
"RCP781788WE","271.0400","104.5764","4.0000","Y","",
"RCP781888","683.1200","258.7036","26.0000","Y","",
"RCP781988PLA","683.1200","258.7036","23.8100","Y","75.1432",
"RCP7822BEI","367.5700","139.1992","9.0000","Y","40.4327",
"RCP7822BRO","367.5700","139.1992","11.1530","Y","40.4327",
"RCP792020BEI","200.4500","77.3388","6.8000","Y","26.0585",
"RCP816088BRO","386.1100","146.2270","18.2000","Y","42.4721",
"RCP816088BG","386.1100","146.2270","17.7360","Y","",
"RCP817088BRO","503.0600","190.5138","22.9940","Y","55.3366",
"RCP817088OWH","503.0600","190.5138","22.9940","Y","55.3366",
"RCP817088BG","503.0600","190.5138","22.9940","Y","",
"RCP817088BK","503.0600","190.5138","62.8100","Y","",
"RCP818088BEI","1046.9300","396.4718","1.0000","Y","115.1623",
"RCP818288BEI","917.0100","347.2666","25.9500","Y","100.8711",
"RCP8248ELDCT","483.3600","177.3168","6.0000","N","",
"RCP843088BG","696.1100","263.6114","37.0000","Y","",
"RCP843088BLA","723.9500","274.1584","1.0000","Y","79.6345",
"RCP843088BRO","723.9500","274.1584","40.0000","Y","79.6345",
"RCP91060","80.3200","45.8244","1.0000","N","",
"RCP917188BG","1028.4000","389.4546","43.0000","Y","",
"RCP917188BLA","1028.4000","389.4546","43.0000","Y","113.1240",
"RCP917388BEI","924.4200","350.0756","36.9400","Y","101.6862",
"RCP917388BLA","924.4200","350.0756","50.0000","Y","101.6862",
"RCP9175BEI","1243.6900","470.9898","53.4000","N","136.8059",
"RCP9175BLA","1243.6900","470.9898","50.0800","N","136.8059",
"RCP9177BEI","248.7500","95.9688","8.5000","Y","32.3375",
"RCP9B02DZ","458.6700","173.7658","1.8500","Y","",
"RCP9B06BLA","27.4900","10.6100","1.6000","Y","3.5737",
"RCP9B07BLA","32.3000","12.4600","1.6750","Y","4.1990",
"RCP9B0900BLA","35.6200","13.7484","1.8100","Y","",
"RCP9B29","10.7500","4.2768","0.3150","Y","",
"RCP9B32","15.1900","6.0480","0.5840","Y","",
"RCP9B36YELCT","80.1600","30.8988","0.5000","Y","",
"RCP9B44GRACT","151.4000","58.3956","3.0000","Y","",
"RCP9B56BLA","5.9200","2.2896","0.0460","Y","0.7696",
"RCP9B72GRE","50.1300","19.3500","0.7920","Y","6.5169",
"RCP9C04CT","147.1300","56.7864","8.3220","Y","",
"RCP9C74RED","51.7700","19.9800","2.1760","Y","6.7301",
"RCP9C74YEL","65.5700","45.9000","2.4160","Y","",
"RCP9C8301","116.1500","44.8092","2.2000","Y","15.0995",
"RCP9C8401","116.1500","44.8092","2.0000","Y","15.0995",
"RCP9C8501","116.1500","44.8092","2.2000","Y","15.0995",
"RCP9C8701","116.1500","44.8092","2.2000","Y","15.0995",
"RCP9C90WHI","34.6500","","0.4600","N","",
"RCP9C9401","72.6600","28.0368","3.2500","Y","9.4458",
"RCP9C9501","72.6600","28.0368","2.0700","Y","9.4458",
"RCP9C9701","72.6600","28.0368","2.1000","Y","9.4458",
"RCP9F37RED","112.9000","43.5672","2.4000","Y","14.6770",
"RCP9F43","33.4200","12.8952","0.9700","Y","4.3446",
"RCP9F50","41.5400","16.0272","1.1900","Y","5.4002",
"RCP9F51TBLU","74.6100","28.7928","2.4000","Y","9.6993",
"RCP9F53","93.5900","36.1044","3.6000","Y","12.1667",
"RCP9F54TBL","108.7700","41.9796","4.0000","Y","14.1401",
"RCP9F55BLA","727.6900","275.5894","36.4500","N","80.0459",
"RCP9F75CLE","21.9200","8.4564","0.4000","Y","2.8496",
"RCP9F76CLE","31.0700","21.7500","0.7000","Y","3.1356",
"RCP9F77","213.4600","82.3608","1.0000","Y","27.7498",
"RCP9F78","225.5300","87.0156","6.5300","Y","29.3189",
"RCP9F79","230.2000","88.8192","7.3700","Y","29.9260",
"RCP9F86WHI","53.0800","20.4768","3.6000","Y","6.9004",
"RCP9G57WHI","304.4200","115.2856","45.5400","Y","33.4862",
"RCP9G58WHI","390.0000","","18.5000","N","",
"RCP9G59","616.2900","233.3908","37.6990","N","67.7919",
"RCP9G60WHI","143.6900","55.4472","3.8000","Y","18.6797",
"RCP9G76WHI","98.2500","","3.0400","N","",
"RCP9G77WHI","136.5000","","4.3000","N","",
"RCP9G78WHI","183.0000","70.6104","5.9520","Y","23.7900",
"RCP9G79CHR","616.2900","233.3908","43.8000","N","67.7919",
"RCP9G80CHR","857.6100","324.7840","76.0000","N","94.3371",
"RCP9M00BLA","81.2800","31.3600","2.5430","Y","10.5664",
"RCP9M01BLACT","138.0100","51.1920","5.0000","Y","",
"RCP9P9000BG","1061.8500","402.1216","52.0000","Y","",
"RCP9P90BLA","1061.8500","467.4706","0.0000","Y","116.8035",
"RCP9P9000DGR","1061.8500","402.1216","52.0000","Y","",
"RCP9P91BEI","1214.0300","459.7538","49.8000","Y","133.5433",
"RCP9P91BLA","1214.0300","459.7538","53.5720","Y","133.5433",
"RCP9P91DGR","1214.0300","459.7538","49.8000","Y","",
"RCP9S00YEL","70.1900","27.0756","1.0780","Y","9.1247",
"RCP9S0100YL","98.3600","37.9512","1.8300","Y","",
"RCP9S0925CT","193.8100","71.9280","11.0230","Y","",
"RCP9S1100YEL","1110.0800","420.3854","35.0000","Y","",
"RCP9S15YEL","57.8800","22.3344","1.0850","Y","7.5244",
"RCP9S1600YL","57.8800","22.3344","1.0420","Y","",
"RCP9S30GRACT","380.9200","144.2766","45.6000","Y","",
"RCP9S30WHICT","380.9200","144.2800","6.3000","Y","",
"RCP9S31GRACT","461.0900","174.5926","46.0000","Y","",
"RCP9S31WHICT","461.0900","174.5926","7.2500","N","",
"RCP9T00BLA","710.3900","269.0280","21.4510","Y","78.1429",
"RCP1966888","455.6800","172.5680","40.0000","N","",
"RCP1966887","256.3000","43.9560","8.0000","Y","",
"RCP9T13BLA","1121.2400","424.6148","130.7000","N","123.3364",
"RCP9T14BLA","1306.8000","494.8928","50.6000","N","143.7480",
"RCP9T15BLA","1885.9800","714.2280","51.8000","N","207.4578",
"RCP9T16BLA","2171.8300","822.4858","141.3810","N","238.9013",
"RCP9T1700BLA","1214.0300","459.7538","45.0000","N","",
"RCP9T1800BLA","1659.5200","628.4634","85.0000","N","",
"RCP9T19BLA","2491.6900","943.6014","113.8300","N","274.0859",
"RCP9T22BLA","303.4900","114.9358","16.5800","N","33.3839",
"RCP9T23BLA","413.9700","156.7634","23.3000","N","45.5367",
"RCP9T28","484.5000","183.4860","30.0000","Y","",
"RCP9T29BLA","801.9000","303.6794","32.8700","Y","88.2090",
"RCP9T30","549.4400","208.0674","30.0000","Y","",
"RCP9T32","835.3300","316.3358","37.0000","Y","",
"RCP9T33BLA","657.1300","248.8668","38.9500","Y","72.2843",
"RCP9T34BLA","1057.5700","387.9918","47.4500","Y","116.3327",
"RCP9T35","585.2000","302.4286","62.0000","Y","",
"RCP9T45","1258.5400","476.6184","67.3000","N","",
"RCP9T56BLA","1276.5200","505.6094","74.0000","N","",
"RCP9T57BLA","1024.6400","388.0342","60.0000","N","112.7104",
"RCP9T58BLA","1585.2800","600.3416","80.0000","Y","174.3808",
"RCP9T59BLA","2052.6000","777.3192","75.0000","Y","225.7860",
"RCP9T60BLA","1366.1100","517.3436","53.0000","Y","150.2721",
"RCP9T61BLA","1777.7600","673.2378","61.0000","Y","195.5536",
"RCP9T62BLA","1880.9900","712.3306","80.0050","Y","206.9089",
"RCP9T63BLA","2467.9400","934.6126","79.0000","Y","271.4734",
"RCP9T64BLA","2742.5700","1038.6198","170.0000","N","301.6827",
"RCP9T6571BG","484.5000","183.4860","36.0000","Y","",
"RCP9T6600BLA","406.5000","153.9438","31.0000","Y","",
"RCP9T66L1","77.4000","39.9384","7.0000","Y","",
"RCP9T6700BLA","464.0800","175.7480","43.0000","Y","",
"RCP9T6800BK","519.7400","196.8208","31.0000","Y","",
"RCP9T68PLA","515.9000","189.2630","35.0090","Y","56.7490",
"RCP9T7200BK","674.6900","255.5024","45.0000","Y","",
"RCP9T73","781.7900","296.0580","60.0000","Y","85.9969",
"RCP9T7301","58.6500","22.6260","0.7500","Y","7.6245",
"RCP9T73M5BLA","4.2600","2.1924","0.1000","Y","0.5538",
"RCP9T74BLA","885.3000","335.2568","52.9990","N","97.3830",
"RCP9T7500BK","1369.9500","518.8064","70.0000","Y","",
"RCP9T76","1335.0800","505.5988","74.0000","N","146.8588",
"RCP9T77","1197.9300","546.1544","66.0000","N","",
"RCP9T78","1515.4000","573.8946","60.0000","Y","166.6940",
"RCP9T79BLA","781.7900","296.0580","60.8000","N","85.9969",
"RCP1966881","102.9200","39.7116","2.1500","Y","13.3796",
"RCP1966888","455.6800","172.5680","8.0000","Y","",
"RCP9T82YEL","33.0100","12.7332","1.4330","Y","4.2913",
"RCP9T83","71.3300","27.5292","6.0000","Y","",
"RCP9T84BLACT","99.8200","38.5128","14.0000","Y","",
"RCP9T85BLA","281.9800","106.7844","15.7510","Y","31.0178",
"RCP9T86BLA","317.7100","120.3100","7.5560","Y","34.9481",
"RCP9T8901","71.3300","27.5292","1.0000","Y","9.2729",
"RCP9T90BLACT","642.2600","243.2382","7.2700","Y","",
"RCP9T9101BLA","642.2600","243.2382","10.0000","Y","70.6486",
"RCP9T92","590.2700","223.5434","53.7920","Y","",
"RCP9T9301","285.5500","108.1412","7.4960","Y","31.4105",
"RCP9T94BLA","1283.7400","486.1584","61.0000","Y","141.2114",
"RCP9VBPPB06","58.5900","21.9132","0.9810","Y","",
"RCP9VBPHP06","96.4500","36.0504","1.1310","Y","12.5385",
"RCP9VBPPB06","58.5900","21.9132","0.9810","Y","7.6167",
"RCP9VCVBA12","90.8800","33.9660","0.6800","Y","11.8144",
"RCP9VCVBA12","90.8800","33.9660","0.6800","Y","",
"RCP9VCVPB12","43.3500","","1.2700","N","",
"RCP9VDVRC4400","195.0200","90.4068","9.2500","Y","",
"RCP9VDVRC4400","195.0200","90.4068","9.2500","Y","25.3526",
"RCP9VMHBA12","51.2000","19.1376","0.7680","Y","6.6560",
"RCP9VMHBA12","51.2000","19.1376","0.7680","Y","",
"RCP9VPHBE12","67.2300","25.1316","0.0790","Y","",
"RCP9VULBC12","123.0400","45.9972","0.6600","Y","",
"RCP9W1088GY","660.4200","250.1070","32.0000","Y","",
"RCP9W15LGY","353.4000","133.8356","9.0000","Y","",
"RCP9W16GY","109.9600","50.6196","1.6500","Y","",
"RCP9W17PLA","639.0000","","43.0000","N","",
"RCP9W2173BLU","250.7900","182.6380","26.5000","N","27.5869",
"RCP9W21GY","250.7900","182.6380","32.0000","Y","",
"RCP9W22GY","311.9900","207.9826","41.0000","N","",
"RCP9W2273BLU","311.9900","207.9826","31.0000","N","34.3189",
"RCP9W25LGY","281.1100","133.2102","6.7000","Y","",
"RCP9W27BLU","183.8700","152.8520","27.1300","Y","23.9031",
"RCP9W27BLU","183.8700","152.8520","27.1300","Y","",
"RCP9W27YEL","183.8700","152.8520","109.3200","Y","23.9031",
"RCP9W2773BLU","183.8700","152.8520","43.6400","N","23.9031",
"RCP9W300BLA","323.9200","122.6844","36.0400","Y","",
"RCP9W300SST","323.9200","122.6844","15.4000","Y","",
"RCP9W31BLA","668.3000","253.0856","36.0000","Y","73.5130",
"RCP9W32BLA","419.5200","158.8728","12.5660","Y","46.1472",
"RCP9W33BLA","454.8100","172.2394","24.0000","Y","50.0291",
"RCP9W72","419.5200","158.8728","17.6370","N","46.1472",
"RCP9W73BLA","1306.8000","494.8928","74.0000","N","143.7480",
"RCP9W87YEL","144.0300","55.5768","8.0000","Y","18.7239",
"RCPA111WHI","122.2100","47.1744","4.7640","Y","15.8873",
"RCPA112GRE","171.5000","66.1500","1.0000","Y","",
"RCPA112ORA","171.5000","66.1500","1.0000","Y","22.2950",
"RCPA112GRE","171.5000","66.1500","1.0000","Y","22.2950",
"RCPA112WHI","162.7500","62.7804","6.0000","Y","21.1575",
"RCPA113BLU","214.0800","82.5984","1.4700","Y","27.8304",
"RCPA113WHI","197.1600","76.0428","1.5000","Y","25.6308",
"RCPA151WHI","134.6600","51.9588","0.7500","Y","17.5058",
"RCPA152BLU","188.4100","72.7164","1.0000","Y","24.4933",
"RCPA152GRE","188.4100","72.7164","1.0000","Y","24.4933",
"RCPA152WHI","171.5000","66.1500","1.0000","Y","22.2950",
"RCPA153ORA","231.2000","89.2296","1.4300","Y","30.0560",
"RCPA153WHI","214.0800","82.5984","1.4300","Y","27.8304",
"RCPA153BLU","231.2000","89.2296","1.4300","Y","30.0560",
"RCPA17SUABZPL","1516.5800","574.3398","65.0000","Y","",
"RCPA211WHI","149.7300","57.8232","0.9700","Y","19.4649",
"RCPA21206WHICT","173.1400","68.6232","12.9960","Y","",
"RCPA212GRE","201.4400","77.7600","7.5430","Y","26.1872",
"RCPA212BLU","201.4400","77.7600","1.2700","Y","26.1872",
"RCPA213WHI","214.0800","82.5984","1.8000","Y","27.8304",
"RCPA251BLU","171.5000","66.1500","6.0030","Y","22.2950",
"RCPA251GRE","171.5000","66.1500","0.9800","Y","22.2950",
"RCPA251WHI","162.7500","62.7804","0.9800","Y","21.1575",
"RCPA25206WHICT","192.1100","76.0320","8.0000","Y","",
"RCPA252BLU","214.0800","82.5984","1.2800","Y","27.8304",
"RCPA252GRE","214.0800","82.5984","1.2800","Y","27.8304",
"RCPA252ORA","214.0800","82.5984","7.4100","Y","27.8304",
"RCPA253GRE","257.0500","99.2088","11.0000","Y","28.2755",
"RCPA253WHI","231.2000","89.2296","11.4000","Y","30.0560",
"RCPA253BLU","257.0500","99.2088","6.5000","Y","28.2755",
"RCPA412","175.5900","67.7700","5.7500","Y","22.8267",
"RCPA413","218.7400","84.3804","1.4300","Y","28.4362",
"RCPA81206GRE","229.1500","88.4520","5.3140","Y","29.7895",
"RCPA85206GRE","241.9900","93.3660","8.7000","Y","31.4587",
"RCPAOT35SA","1353.0000","512.3722","38.9990","Y","148.8300",
"RCPAOT35SA","1353.0000","512.3722","38.9990","Y","",
"RCPR12SU201PL","1047.6100","408.2696","54.0000","Y","115.2371",
"RCPBS25","65.2900","25.1964","","N","",
"RCPBP1","10.4100","4.0068","0.0150","Y","1.3533",
"RCPC112WHI","139.3100","53.7408","1.0000","Y","18.1103",
"RCPC112BLU","152.1500","58.7304","5.7550","Y","19.7795",
"RCPC113BLU","184.1400","71.0640","1.4300","Y","23.9382",
"RCPC113WHI","167.0200","64.4544","1.4300","Y","21.7126",
"RCPC151BLU","124.2500","47.9736","0.7500","Y","16.1525",
"RCPC152BLU","162.7500","62.7804","1.0000","Y","21.1575",
"RCPC152GRE","162.7500","62.7804","1.0000","Y","21.1575",
"RCPC152WHI","152.1500","58.7304","6.5000","Y","19.7795",
"RCPC153BLU","199.0200","76.7664","1.4300","Y","25.8726",
"RCPC153WHI","184.1400","71.0640","1.4300","Y","23.9382",
"RCPC153GRE","199.0200","76.7664","1.4300","Y","25.8726",
"RCPC154BLU","248.3100","95.8068","1.8200","Y","32.2803",
"RCPC252BLU","184.1400","71.0640","7.6800","Y","23.9382",
"RCPCC16MCGL","631.0700","279.0768","23.3000","Y","69.4177",
"RCPCC16SSSGL","645.4800","244.4360","25.0000","Y","",
"RCPCL3","7.7500","3.5964","0.0100","Y","",
"RCPCL3","7.7500","3.5964","0.0100","Y","1.0075",
"RCPD111","77.1900","29.7864","0.7500","Y","10.0347",
"RCPD113","117.7300","45.4032","1.3300","Y","15.3049",
"RCPD153","128.5200","49.6368","1.4000","Y","16.7076",
"RCPD211BLU","83.5100","32.2164","0.7500","Y","10.8563",
"RCPD212BLU","111.4200","42.9948","1.0800","Y","14.4846",
"RCPD212WHI","111.4200","42.9948","1.0900","Y","14.4846",
"RCPD212GRE","111.4200","42.9948","5.0000","Y","14.4846",
"RCPD213RED","128.5200","49.6368","1.2830","Y","16.7076",
"RCPD213BLU","128.5200","49.6368","1.3300","Y","16.7076",
"RCPD213GRE","128.5200","49.6368","1.5000","Y","16.7076",
"RCPD213WHI","128.5200","49.6368","1.5000","Y","16.7076",
"RCPD251GRE","90.0200","34.7328","2.0500","Y","11.7026",
"RCPD251BLU","90.0200","34.7328","0.7500","Y","11.7026",
"RCPD252BLU","117.7300","45.4032","0.9800","Y","15.3049",
"RCPD252GRE","117.7300","45.4032","0.9800","Y","15.3049",
"RCPD252WHI","117.7300","45.4032","1.0000","Y","15.3049",
"RCPD252RED","117.7300","45.4032","1.0000","Y","15.3049",
"RCPD253BLU","147.8700","57.0456","1.3300","Y","19.2231",
"RCPD253GRE","147.8700","57.0456","6.2000","Y","19.2231",
"RCPD253RED","147.8700","57.0456","1.3300","Y","19.2231",
"RCPD253WHI","147.8700","57.0456","6.3500","Y","19.2231",
"RCPD413","156.4300","60.3612","6.6500","Y","20.3359",
"RCPD552","130.5700","50.4144","5.9100","Y","16.9741",
"RCPD553","167.0200","64.4544","7.3000","Y","21.7126",
"RCPDCR24CSM","1315.3000","498.1046","39.0000","Y","144.6830",
"RCPDCR24PSM","1315.3000","498.1046","39.0000","Y","144.6830",
"RCPDCR24TSM","1315.3000","498.1046","39.0000","Y","144.6830",
"RCPDRR24TSM","1192.0400","451.4222","29.0000","Y","131.1244",
"RCPE052","44.2600","17.0856","0.7080","Y","5.7538",
"RCPE138","90.8200","33.9552","17.5200","Y","11.8066",
"RCPE139","222.8300","85.9896","1.7080","Y","28.9679",
"RCPE238","214.6500","82.8792","1.5900","Y","27.9045",
"RCPE239","252.5900","97.5672","24.9960","Y","27.7849",
"RCPE43812","235.4800","90.8064","19.1000","Y","30.6124",
"RCPF11612","119.7800","46.1808","13.8380","Y","15.5714",
"RCPF11712","145.8200","56.3328","15.3930","Y","18.9566",
"RCPF11812","171.1200","65.9880","18.0000","Y","22.2456",
"RCPF131SBL","83.5100","32.2164","1.1700","Y","10.8563",
"RCPF136SBL","90.0200","34.7328","1.0000","Y","11.7026",
"RCPF137SBL","115.5000","44.5500","1.4300","Y","15.0150",
"RCPF158WHI","188.6000","72.8568","20.8200","Y","24.5180",
"RCPF167","180.0500","69.4764","15.9960","Y","23.4065",
"RCPF168","205.3400","79.2504","20.1240","Y","26.6942",
"RCPF216","119.7800","46.1808","14.8000","Y","15.5714",
"RCPF217","154.3800","59.5836","16.8480","Y","20.0694",
"RCPF21800","171.1200","65.9880","19.0020","Y","",
"RCPF416WHI","167.0200","64.4220","0.8100","Y","21.7126",
"RCPF417WHI","192.3300","74.2716","1.3300","Y","25.0029",
"RCPF41812","222.8300","85.9896","17.9500","Y","28.9679",
"RCPF51612BLUCT","145.8200","56.3328","12.0540","Y","",
"RCPF51712BLU","171.1200","65.9880","15.9960","Y","22.2456",
"RCPF51812BLU","192.3300","74.2716","21.2740","Y","25.0029",
"RCPF558WHI","214.6500","82.8792","1.5800","Y","27.9045",
"RCPF558BLU","214.6500","82.8792","21.0000","Y","27.9045",
"RCPG04204","85.4900","31.9788","1.2500","Y","11.1137",
"RCPG04300","188.6000","72.8568","0.5000","Y","24.5180",
"RCPG780","60.6400","55.7280","1.8500","Y","7.8832",
"RCPG781","26.4200","24.1812","0.5260","Y","3.4346",
"RCPH115","27.0900","10.4544","1.1000","Y","3.5217",
"RCPH116","28.6200","11.0376","0.8500","Y","3.7206",
"RCPH117","29.3600","11.3292","1.2470","Y","3.8168",
"RCPH126","41.0200","15.3252","1.1110","Y","5.3326",
"RCPH135","42.3100","16.3296","1.0000","Y","5.5003",
"RCPH136","43.8000","16.9128","1.6500","Y","5.6940",
"RCPH145","40.1400","15.4764","1.0000","Y","5.2182",
"RCPH146BLU","43.8000","16.9128","1.2760","Y","5.6940",
"RCPH146","43.8000","16.9128","2.0000","Y","5.6940",
"RCPH146RED","43.8000","16.9128","1.2660","Y","5.6940",
"RCPH146GRE","43.8000","16.9128","1.5000","Y","5.6940",
"RCPH215","27.4900","10.8864","1.4000","Y","3.5737",
"RCPH216","30.0400","11.5884","1.4360","Y","3.9052",
"RCPH217","30.4400","11.7396","16.9920","Y","3.9572",
"RCPH226","38.9700","15.0336","1.2000","Y","5.0661",
"RCPH235","41.9400","16.1892","1.5000","Y","5.4522",
"RCPH236","43.0300","16.5996","1.4160","Y","5.5939",
"RCPH245","41.9400","16.1892","1.0000","Y","5.4522",
"RCPH246GRE","43.0300","16.5996","1.6660","Y","",
"RCPH246BLU","43.0300","16.5996","1.2600","Y","5.5939",
"RCPH246RED","43.0300","16.5996","1.2580","Y","5.5939",
"RCPH316","15.5900","6.0156","0.9920","Y","2.0267",
"RCPH516","27.0900","10.4544","2.0000","Y","3.5217",
"RCPJ15112CT","368.2800","139.4854","9.6000","Y","",
"RCPJ15200YEL","36.4600","14.0616","0.8780","Y","",
"RCPJ15300YEL","42.4700","16.3836","1.5000","Y","",
"RCPJ15500YEL","56.7600","21.9132","1.5790","Y","",
"RCPJ253BLUDZ","449.7500","170.3102","1.0000","Y","",
"RCPJ353DZ","462.3900","175.1756","12.3900","Y","",
"RCPJ855","758.1400","287.1400","1.2500","Y","83.3954",
"RCPK15312BLU","406.9600","154.2406","11.0000","Y","44.7656",
"RCPK15512","547.9500","207.4844","18.6000","Y","60.2745",
"RCPL15312WHI","226.9200","87.5448","10.0200","Y","29.4996",
"RCPL15512WHI","283.0900","107.1554","13.7760","Y","31.1399",
"RCPL15712WHI","316.9500","120.0450","18.0000","Y","34.8645",
"RCPL253","180.0500","69.4764","9.4080","Y","23.4065",
"RCPL255","252.5900","97.5672","12.9960","Y","27.7849",
"RCPM150","249.8600","96.4008","13.0000","Y","32.4818",
"RCPM1564200","165.5800","63.8820","3.5270","Y","21.5254",
"RCPM1565400","162.1600","85.4712","6.5200","Y","21.0808",
"RCPM1566000","426.0000","426.0000","2.6000","N","",
"RCPM1566200","426.0000","426.0000","2.6000","N","",
"RCPM25212","12.9800","5.0112","1.0000","Y","1.6874",
"RCPM25312","165.1600","63.7848","9.2000","Y","21.4708",
"RCPM25512","222.8300","85.9896","1.5000","Y","28.9679",
"RCPM25712","280.1200","106.1166","1.8400","Y","30.8132",
"RCPMST35EPLWH","99.0100","44.0532","6.3800","Y","12.8713",
"RCPMST35EPLWH","99.0100","44.0532","6.3800","Y","",
"RCPMST35SSPL","180.3400","80.2332","5.9000","Y","23.4442",
"RCPMST35SSPL","180.3400","80.2332","5.9000","Y","",
"RCPP267","61.6000","23.7600","2.0000","Y","8.0080",
"RCPP269","343.0300","125.8750","9.0000","Y","37.7333",
"RCPP271","72.4200","27.9396","1.7620","Y","9.4146",
"RCPQ050","493.8000","187.0052","13.7320","Y","54.3180",
"RCPQ180BLACT","86.8600","33.5664","1.0000","Y","",
"RCPQ200","241.3600","90.2232","8.9000","Y","31.3768",
"RCPQ311","30.2900","11.6856","0.4180","Y","3.9377",
"RCPQ322CT","552.2300","209.2016","9.9960","Y","",
"RCPQ326","597.7100","226.3500","17.5000","Y","65.7481",
"RCPQ408GRE","226.9200","87.5448","1.0000","Y","29.4996",
"RCPQ40920BLUCT","150.2700","56.1900","1.0000","Y","",
"RCPQ410GRE","23.0700","9.1600","0.2400","Y","2.9991",
"RCPQ410RED","276.7700","106.8000","1.4110","Y","30.4447",
"RCPQ41000BLU","276.7700","106.8000","2.9500","Y","",
"RCPQ411BLU","423.3400","160.3700","3.4000","Y","46.5674",
"RCPQ412WH","23.3400","9.2800","0.1290","Y","",
"RCPQ412GRE","280.1200","106.1000","0.1200","Y","30.8132",
"RCPQ415BE","28.2100","10.8900","0.2010","Y","",
"RCPQ41600","38.6900","10.3572","0.5000","Y","",
"RCPQ418GN","32.3000","12.8400","0.2570","Y","",
"RCPQ42600GR00","244.9600","94.5600","3.0000","Y","",
"RCPQ436GRE","40.1400","15.4800","0.2800","Y","5.2182",
"RCPQ438","324.9500","123.0766","0.8300","Y","35.7445",
"RCPQ449","407.5300","154.3042","1.1300","Y","44.8283",
"RCPQ460GRE","501.0900","189.7930","8.5000","Y","55.1199",
"RCPQ550","36.7400","14.1700","0.5800","Y","4.7762",
"RCPQ559BLA","32.3000","13.3500","1.0000","Y","4.1990",
"RCPQ560","50.4700","19.4800","0.7860","Y","6.5611",
"RCPQ570","58.6500","22.6300","1.3360","Y","7.6245",
"RCPQ580YEL","67.5800","26.0700","1.0000","Y","8.7854",
"RCPQ590YEL","76.8400","29.6500","1.9700","Y","9.9892",
"RCPQ61000YL","4.3200","2.7864","0.1500","Y","",
"RCPQ620BLUCT","107.1300","41.3640","0.1500","Y","",
"RCPQ620RED","107.1300","41.3640","2.0000","Y","13.9269",
"RCPQ620","107.1300","41.3640","1.8500","Y","",
"RCPQ63006BLUCT","64.5400","24.9264","0.9000","Y","",
"RCPQ745","23.0700","9.5256","1.0830","Y","2.9991",
"RCPQ749YEL","14.8500","5.7300","0.7050","Y","1.9305",
"RCPQ750YW","22.6300","8.7400","0.7200","Y","",
"RCPQ755","37.1400","14.3208","1.0000","Y","4.8282",
"RCPQ760","37.1400","14.3200","1.0400","Y","4.8282",
"RCPQ775YEL","214.3700","82.6956","1.0000","Y","27.8681",
"RCPQ800WHI","213.7100","82.4700","1.9000","Y","27.7823",
"RCPQ805CT","205.1600","79.1316","5.0000","Y","",
"RCPQ810YEL","211.6700","81.7000","2.0000","Y","",
"RCPQ820BLU","138.3800","53.4100","2.0000","Y","17.9894",
"RCPQ850","56.4200","21.7700","0.7200","Y","7.3346",
"RCPQ851","21.9200","8.4600","0.2000","Y","2.8496",
"RCPQ852WHI","63.4900","24.5100","1.0000","Y","8.2537",
"RCPQ853WHI","187.3000","72.2628","2.0600","Y","24.3490",
"RCPQ855","77.9700","30.0780","1.0000","Y","10.1361",
"RCPQ861WHI","307.2700","116.3100","2.0660","Y","33.7997",
"RCPQ881YEL","258.5400","99.7800","1.6400","Y","28.4394",
"RCPQ891BLU","258.5400","99.7800","0.1600","Y","28.4394",
"RCPQ90088YW","208.8500","80.5896","10.1600","Y","",
"RCPQ930","241.3400","93.1200","11.0000","Y","31.3742",
"RCPQ95088YW","126.6100","48.8484","27.7300","Y","",
"RCPQ966L1","24.4900","17.4300","1.0000","Y","",
"RCPQ979","757.3600","286.8148","8.2000","Y","83.3096",
"RCPQ989","757.3600","286.8148","7.5000","N","83.3096",
"RCPQST24SSPL","1173.4400","444.3944","32.0000","Y","129.0784",
"RCPR1012EBK","313.7200","118.8048","6.7020","Y","34.5092",
"RCPR1536EGLALM","364.4400","144.6582","25.0000","Y","40.0884",
"RCPR1536EGLW","364.4400","144.6582","27.0000","Y","40.0884",
"RCPR1536EOTGLBK","363.5700","137.6728","44.7900","Y","",
"RCPR1536EPLBLK","364.4400","144.6582","23.0000","Y","40.0884",
"RCPR1536MCGL","919.1800","348.0934","27.0000","Y","101.1098",
"RCPR1536SSSPL","746.2000","282.5854","25.0000","Y","",
"RCPR1639EHBZ","376.8100","142.6972","20.0000","Y","41.4491",
"RCPR1639EHGR","376.8100","142.6972","21.0000","Y","41.4491",
"RCPR18SU201PL","1323.2400","501.1200","70.0000","Y","145.5564",
"RCPR1BK","415.8100","157.4630","24.0000","Y","45.7391",
"RCPR1SM","415.8100","157.4630","24.0000","Y","45.7391",
"RCPR2030SSPL","1513.6100","573.2056","71.2300","Y","",
"RCPR2030SSPL","1513.6100","573.2056","71.2300","Y","166.4971",
"RCPR32SSSGL","509.5200","208.1840","28.0000","Y","",
"RCPR93400BK","690.5600","261.5126","39.0210","Y","75.9616",
"RCPRSW2","9.2700","4.6008","0.3000","Y","1.2051",
"RCPSO810BPL","409.3900","155.0250","15.0000","Y","45.0329",
"RCPS25","54.3500","25.1964","27.0000","Y","7.0655",
"RCPS299","31.9300","12.3228","0.6600","Y","4.1509",
"RCPS3ETHBZPL","961.6800","364.1948","46.0000","Y","",
"RCPSBR52EBK","506.8800","191.9554","35.0000","Y","",
"RCPSC14EPLSM","851.0400","322.2930","30.0000","Y","93.6144",
"RCPSC18EPLSM","1041.4100","405.5772","38.0000","Y","114.5551",
"RCPSH12EPLSM","567.1100","214.7666","25.0000","Y","62.3821",
"RCPSO1220B","490.0800","185.5954","28.0000","Y","",
"RCPSO12SSS","807.2100","308.2268","28.0000","Y","",
"RCPSO16SSSGL","678.5600","266.3250","27.0000","Y","74.6416",
"RCPSO820PLANT","409.3900","155.0250","26.0000","Y","",
"RCPSO8SSSPL","697.6900","264.2156","16.0000","Y","76.7459",
"RCPSR18EPLSM","1041.4100","405.5772","43.0000","N","114.5551",
"RCPST12ERBWHI","364.3700","137.9802","87.0700","Y","40.0807",
"RCPST12EPLRD","414.1300","156.8270","23.2380","Y","",
"RCPST12EPLWH","414.1300","156.8270","37.8900","Y","45.5543",
"RCPST24EPLRD","616.4400","233.4438","30.2350","Y","",
"RCPST24ERBWHI","525.2600","198.9302","86.2300","Y","57.7786",
"RCPST24SSPL","1097.1800","415.5200","36.0000","Y","120.6898",
"RCPST24SSRB","1005.9800","380.9640","26.0000","Y","110.6578",
"RCPST40SSPL","1833.4300","694.3212","46.0000","Y","201.6773",
"RCPST5EGLRED","244.0000","94.1436","10.0000","Y","31.7200",
"RCPST7EPLRED","388.7400","147.2128","19.0000","Y","42.7614",
"RCPST7SSPL","687.1500","260.2300","18.0000","Y","75.5865",
"RCPST7SSRB","645.6700","244.5102","17.0000","Y","71.0237",
"RCPT11000GY","57.1600","22.0644","0.6700","Y","",
"RCPT120","67.5800","26.0712","0.6700","Y","8.7854",
"RCPT130","82.7700","31.9500","1.0000","Y","10.7601",
"RCPT1424SSPL","988.0700","374.1906","36.0000","Y","108.6877",
"RCPT1424SSRB","920.6100","348.6340","25.0000","Y","101.2671",
"RCPT199","21.5500","8.3160","0.1580","Y","2.8015",
"RCPT20006","233.4300","90.0936","1.1800","Y","30.3459",
"RCPT20106","304.3000","115.2326","1.6500","Y","33.4730",
"RCPT255","299.4600","113.4942","14.1380","Y","32.9406",
"RCPT256","317.3200","120.1404","1.2500","Y","34.9052",
"RCPT300","954.9300","361.7144","12.0000","Y","105.0423",
"RCPT410","77.2300","29.8000","1.1000","Y","10.0399",
"RCPT499","18.5700","7.1604","0.4180","Y","2.4141",
"RCPT81206GRE","237.8900","91.7900","4.7280","Y","30.9257",
"RCPT85206GRE","250.9200","96.7900","4.8640","Y","27.6012",
"RCPU120","25.9800","10.0332","0.4300","Y","3.3774",
"RCPU130","25.2900","9.7632","0.3000","Y","3.2877",
"RCPU210","42.9400","16.5672","0.4320","Y","5.5822",
"RCPUB1900SSS","315.2700","119.3984","6.0000","Y","34.6797",
"RCPV116","90.0300","34.7760","1.0000","Y","11.7039",
"RCPV117","98.2100","37.9188","1.2500","Y","12.7673",
"RCPV118","114.8700","42.9192","1.5000","Y","14.9331",
"RCPV119","140.3700","56.3328","21.0000","Y","18.2481",
"RCPV156","104.8000","41.3640","10.8000","Y","13.6240",
"RCPV158","132.7000","54.4968","1.5000","Y","17.2510",
"RCPV418","209.8000","80.9568","1.5000","Y","27.2740",
"RCPWB26AL","38.9700","24.8292","4.0000","Y","",
"RCPWB29RSS","150.3800","58.0284","4.2000","Y","19.5494",
"RCPWB30RAL","93.1900","35.9532","15.0000","Y","12.1147",
"RCPWB96RALCT","570.1800","215.9644","36.6000","Y","",
"RCPWB96RBLACT","593.0600","224.6246","37.0000","Y","",
"RCPWMB20BK","44.1800","22.7556","1.4160","Y","5.7434",
"RCPWMB30RBK","189.2500","73.0404","9.0000","Y","24.6025",
"RCP125PCLE","25.4200","9.8064","2.4000","Y","3.3046",
"RCP25051","52.0300","25.0128","2.6710","Y","6.7639",
"RCP1966882","492.0000","172.5680","8.0000","Y","",
"RCP1966881","102.9200","39.7116","2.1500","Y","",
"RCP1792371","983.8500","372.5794","1.0000","N","108.2235",
"RCP1966883","492.0000","172.5680","8.0000","Y","",
"RCP1883455","114.0000","114.0000","3.6500","N","",
"RCP1883458","257.6100","117.4480","10.9000","Y","28.3371",
"RCP1883460","293.0100","133.5918","14.3000","Y","32.2311",
"RCP1883552","419.2800","158.7774","16.7000","Y","46.1208",
"RCP1883628","141.2100","65.5884","6.4000","Y","18.3573",
"RCP1883619","116.1300","53.9460","6.0000","Y","15.0969",
"RCP1883620","139.6900","64.8864","7.1000","Y","18.1597",
"RCP1792339","983.8500","372.5794","38.5420","Y","108.2235",
"RCP1883554","218.8900","101.6820","6.1000","Y","28.4557",
"RCP1883617","55.6800","25.8660","2.2500","Y","7.2384",
"RCP1883456","220.5700","102.4596","7.9000","Y","28.6741",
"RCP1883555","220.5700","102.4596","7.9000","Y","28.6741",
"RCP1883573","220.5700","102.4596","7.9000","Y","28.6741",
"RCP1883564","220.5700","102.4596","7.9000","Y","28.6741",
"RCP1883591","220.5700","102.4596","7.9000","Y","28.6741",
"RCP1883582","220.5700","102.4596","7.9000","Y","28.6741",
"RCP1883600","220.5700","85.1040","7.9000","Y","28.6741",
"RCP1883609","203.7300","79.0128","7.9000","Y","26.4849",
"RCP1883563","183.3700","85.1796","6.1000","N","23.8381",
"RCP1883599","183.3700","85.1796","6.1000","Y","23.8381",
"RCP1883608","183.3700","85.1796","6.1000","Y","23.8381",
"RCP1883590","183.3700","50.7600","6.1000","Y","23.8381",
"RCP1883581","183.3700","85.1796","6.1000","Y","23.8381",
"RCP1883557","257.6100","117.4480","10.9000","Y","28.3371",
"RCP1883575","257.6100","117.4480","10.9000","Y","28.3371",
"RCP1883602","234.3600","106.8480","13.9000","Y","30.4668",
"RCP1883566","257.6100","117.4480","11.8000","Y","28.3371",
"DISCONTINUED1","11.0000","0.0000","11.0000","N","",
"RCP1883593","257.6100","121.8046","10.9000","Y","28.3371",
"1883593","114.0000","114.0000","8.6500","N","",
"1883584","114.0000","114.0000","8.6500","N","17.0000",
"RCP1883604","262.2000","119.5362","14.2000","Y","28.8420",
"RCP1883613","262.2000","119.5362","14.3000","Y","28.8420",
"RCP1883568","293.0100","133.5918","14.3000","Y","32.2311",
"RCP1883568","293.0100","133.5918","14.3000","Y","",
"RCP1883559","293.0100","133.5918","10.9000","Y","32.2311",
"RCP1883595","262.2000","101.6928","14.3000","Y","28.8420",
"RCP1883586","293.0100","133.5918","14.3000","Y","32.2311",
"RCP1883606","374.1400","141.6796","16.7000","Y","41.1554",
"RCP1883570","162.8600","114.0000","8.6500","Y","",
"RCP1883615","374.1400","170.5752","16.7000","Y","41.1554",
"RCP1883597","419.2800","191.1498","16.7000","Y","46.1208",
"RCP1883588","374.1400","170.5752","16.7000","Y","41.1554",
"RCP1883579","419.2800","191.1498","16.7000","Y","46.1208",
"RCP1883618","95.8800","44.5400","3.8000","Y","12.4644",
"RUB3747","97.2900","68.1000","98.0000","N","0.0000",
"RUB7083","97.2900","68.1000","71.0000","N","0.0000",
"RUB3748","97.2900","68.1000","50.0000","N","0.0000",
"RCPA112BLU","218.5700","153.0000","6.0000","Y","0.0000",
